Workbook

Sheet Budget vs Actual
A1: JSP App v2 — Budget vs. Actual
A2: Labor rate pulled from Hours Log sheet (cell B2). Update rate there to reflect here.
A3: Phase | B3: Est. Hours | C3: Actual Hours | D3: Hour Variance | E3: Est. Cost | F3: Actual Cost | G3: Cost Variance
A4: Phase 1 — Discovery & Requirements | B4: 8 | D4: =IF(C4="","",C4-B4) | E4: =B4*'Hours Log'!$B$2 -> 1200 | F4: =IF(C4="","",C4*'Hours Log'!$B$2) | G4: =IF(F4="","",F4-E4)
A5: Phase 2 — Architecture & Stack | B5: 4 | D5: =IF(C5="","",C5-B5) | E5: =B5*'Hours Log'!$B$2 -> 600 | F5: =IF(C5="","",C5*'Hours Log'!$B$2) | G5: =IF(F5="","",F5-E5)
A6: Phase 3 — Environment Setup | B6: 3 | D6: =IF(C6="","",C6-B6) | E6: =B6*'Hours Log'!$B$2 -> 450 | F6: =IF(C6="","",C6*'Hours Log'!$B$2) | G6: =IF(F6="","",F6-E6)
A7: Phase 4 — Core Build: Setup & Auth | B7: 12 | D7: =IF(C7="","",C7-B7) | E7: =B7*'Hours Log'!$B$2 -> 1800 | F7: =IF(C7="","",C7*'Hours Log'!$B$2) | G7: =IF(F7="","",F7-E7)
A8: Phase 5 — Core Build: JD Intake | B8: 10 | D8: =IF(C8="","",C8-B8) | E8: =B8*'Hours Log'!$B$2 -> 1500 | F8: =IF(C8="","",C8*'Hours Log'!$B$2) | G8: =IF(F8="","",F8-E8)
A9: Phase 6 — Core Build: Tailoring | B9: 8 | D9: =IF(C9="","",C9-B9) | E9: =B9*'Hours Log'!$B$2 -> 1200 | F9: =IF(C9="","",C9*'Hours Log'!$B$2) | G9: =IF(F9="","",F9-E9)
A10: Phase 7 — Core Build: Networking | B10: 6 | D10: =IF(C10="","",C10-B10) | E10: =B10*'Hours Log'!$B$2 -> 900 | F10: =IF(C10="","",C10*'Hours Log'!$B$2) | G10: =IF(F10="","",F10-E10)
A11: Phase 8 — Core Build: Interview Prep | B11: 6 | D11: =IF(C11="","",C11-B11) | E11: =B11*'Hours Log'!$B$2 -> 900 | F11: =IF(C11="","",C11*'Hours Log'!$B$2) | G11: =IF(F11="","",F11-E11)
A12: Phase 9 — Core Build: Dashboard | B12: 6 | D12: =IF(C12="","",C12-B12) | E12: =B12*'Hours Log'!$B$2 -> 900 | F12: =IF(C12="","",C12*'Hours Log'!$B$2) | G12: =IF(F12="","",F12-E12)
A13: Phase 10 — Integration & QA | B13: 8 | D13: =IF(C13="","",C13-B13) | E13: =B13*'Hours Log'!$B$2 -> 1200 | F13: =IF(C13="","",C13*'Hours Log'!$B$2) | G13: =IF(F13="","",F13-E13)
A14: Phase 11 — Polish & Deploy | B14: 6 | D14: =IF(C14="","",C14-B14) | E14: =B14*'Hours Log'!$B$2 -> 900 | F14: =IF(C14="","",C14*'Hours Log'!$B$2) | G14: =IF(F14="","",F14-E14)
A15: Phase 12 — Case Study | B15: 4 | D15: =IF(C15="","",C15-B15) | E15: =B15*'Hours Log'!$B$2 -> 600 | F15: =IF(C15="","",C15*'Hours Log'!$B$2) | G15: =IF(F15="","",F15-E15)
A16: TOTALS | B16: =SUM(B4:B15) -> 81 | C16: =SUM(C4:C15) -> 0 | D16: =SUM(C4:C15)-SUM(B4:B15) -> -81 | E16: =SUM(E4:E15) -> 12150 | F16: =SUM(F4:F15) -> 0 | G16: =SUM(G4:G15) -> 0
